feedbackKey,userKey,learningMaterialKey,feedback,rating
1,,994,Desino arto supplanto advoco urbs colo harum rerum.,4
2,,44,Arbor delectatio arbor avaritia umbra tactus.,4
3,,553,Admitto impedit cohibeo thema caput.,4
4,,866,Cuius ut ventus sui cibus uter aureus angelus.,3
5,,785,Confero suus minima fugit currus capio.,2
6,606.0,297,Sopor temperantia ratione theatrum nihil somniculosus.,4
7,61.0,670,Votum sapiente adhaero.,3
8,290.0,398,Depopulo vita apto aetas canonicus arbustum bonus denique terror in.,1
9,416.0,962,Velit cohibeo tempore ater alo videlicet thema teneo.,4
10,321.0,146,Cenaculum absum verumtamen tergum tardus voluntarius.,3
11,,77,Quasi caelestis molestiae caput vero cognomen volaticus eveniet conventus.,1
12,,551,Torrens stipes cuppedia volup villa turbo sulum aeger ambitus traho.,2
13,464.0,756,Calculus cupio synagoga addo conculco admoneo valde excepturi provident.,2
14,600.0,246,Spectaculum voluptas aufero deleo utilis auditor.,5
15,93.0,976,Despecto sortitus iste.,5
16,299.0,242,Placeat tergeo comptus desidero totam velum.,3
17,62.0,347,Deprimo amoveo sponte celer adsum statim nam theatrum mollitia.,3
18,346.0,146,Stella illum vivo comes tergeo video animus.,3
19,184.0,510,Tremo stella sum cunabula vitiosus deleniti.,1
20,,345,Depulso canto delinquo officiis virgo.,2
21,528.0,241,Ascit caelum tumultus approbo suffragium clibanus vulticulus decor.,3
22,479.0,77,Turbo coniecto vicinus commemoro barba quasi curis constans stillicidium cruentus.,1
23,261.0,350,Odio sumptus delectatio conicio animus in cruciamentum denique coadunatio.,1
24,13.0,479,Agnitio crur quis bellicus tepidus torqueo anser.,1
25,506.0,752,Clarus sonitus provident.,2
26,350.0,540,Tenax optio vigilo viriliter teres viridis teneo verbum combibo trepide.,4
27,106.0,861,Baiulus cunctatio compello sapiente ustilo unus confugo conatus virga convoco.,4
28,27.0,359,Somnus celebrer curto tamquam benevolentia claudeo quisquam iure defleo.,4
29,33.0,228,Defessus creator sumo villa dapifer audacia vitium sol.,2
30,271.0,17,Stabilis uredo sortitus conitor adipisci spiritus collum denuncio blandior.,5
31,231.0,872,Dignissimos deduco angelus molestias vaco tepesco minima denique.,1
32,68.0,156,Contra thesaurus atqui uter carcer titulus.,5
33,359.0,795,Atrocitas argumentum corrigo angelus aureus dapifer tutis.,2
34,43.0,954,Urbanus corona atrocitas.,5
35,59.0,719,Theca sunt defluo omnis.,2
36,,237,Aeger sui absque.,4
37,471.0,400,Tandem cur eligendi.,3
38,,342,Vilicus enim votum caveo usus adhuc utrimque.,4
39,463.0,867,Pecco deputo aqua tergeo utor ut autem suppellex thalassinus comes.,3
40,,204,Terminatio cura angelus denique.,3
41,,313,Terra abstergo aequitas.,2
42,,572,Tum vitiosus arbor.,3
43,386.0,688,Celer cubitum villa nisi aro suffragium cogito aliquid paulatim.,1
44,,296,Ventito derelinquo alioqui amor vinculum deduco sui.,5
45,204.0,658,Vae canto deficio adulescens cuius.,5
46,,544,Sui vilitas taceo commemoro argumentum tenus infit angustus calamitas beneficium.,3
47,,101,Absconditus aegre fugiat avarus tabula dens ad suppellex.,2
48,190.0,130,Terminatio ultio debeo.,1
49,32.0,666,Tenax nemo cerno volup praesentium comedo.,1
50,547.0,808,Blandior tollo acsi ago thalassinus clam desino triumphus.,5
51,,763,Vobis depono vereor aperiam cribro defendo appello eos vorax paulatim.,5
52,390.0,400,Teres tyrannus arbor cado arguo.,3
53,527.0,909,Strenuus quod vestrum.,5
54,,281,Cetera cometes deduco abstergo vobis confero averto crur.,1
55,,579,Tantillus subseco inventore.,2
56,267.0,571,Absorbeo vulnus labore quod maiores adficio cohaero.,3
57,,337,Cultellus corrigo amaritudo nam carus absque audentia utrimque cogo.,4
58,,877,Alo cibus absque tempore valde.,4
59,,997,Aliqua tandem defetiscor facere.,4
60,60.0,561,Theca ver carmen tandem theatrum aestivus thema aeger subvenio.,5
61,481.0,556,Volup vorago vado ulciscor deprecator via cibo tergo.,4
62,163.0,230,Tam cunabula asporto quae adversus paens absconditus aurum.,1
63,168.0,26,Ara eum demulceo collum aranea.,1
64,,890,Torrens conqueror possimus convoco cumque tergeo.,1
65,478.0,187,Thesaurus toties vulnero.,2
66,564.0,359,Cornu damnatio cetera accusantium laudantium pecco.,4
67,116.0,429,Xiphias utor valeo torrens valde bene adimpleo confido absum.,5
68,,254,Pecto deleo ventosus.,2
69,,528,Vereor aut repellendus molestias vilitas depono decipio callide aperio deinde.,5
70,94.0,645,Annus verecundia totam arto utique aperio terror.,5
71,361.0,398,Coniecto acidus vomer vomica reiciendis caput minima quasi.,2
72,,224,Concedo vitiosus suffoco.,2
73,576.0,575,Coaegresco laborum commodo debitis copia surgo.,4
74,563.0,582,Tamisium synagoga vivo stultus ciminatio.,3
75,84.0,418,Vetus thalassinus deludo eos adopto error teres decerno alter.,2
76,280.0,769,Coerceo absum annus solum.,2
77,,72,Eius cinis angustus.,2
78,,334,Incidunt clibanus spiculum minima color caecus admiratio campana.,5
79,,687,Attollo consequuntur laudantium ustilo.,4
80,514.0,733,Voluptate antiquus aperiam calcar.,3
81,501.0,836,Ullus creo tibi alienus bene vomito vado sublime.,1
82,,713,Tabgo appono somnus.,2
83,463.0,41,Recusandae subiungo bibo crepusculum vero vae terra.,4
84,,608,Iusto conculco abundans avaritia combibo repellat.,1
85,365.0,794,Canto tibi celo alveus quis valetudo copia.,4
86,,88,Assentator nesciunt cenaculum aureus acies aperiam surculus sustineo templum cinis.,1
87,,193,Adulescens aperio arguo admoneo comes occaecati volva.,5
88,,878,Deserunt coma volutabrum vito viridis.,5
89,12.0,969,Vitiosus coadunatio conduco strenuus sui solutio.,4
90,,951,Ea bis villa triumphus adsidue quod trepide demulceo campana cervus.,3
91,,350,Urbanus arbustum sumptus.,1
92,,745,Argumentum tristis cauda temporibus vilicus amicitia.,2
93,498.0,957,Sumptus absorbeo laborum voveo tabernus appello alter velit excepturi.,1
94,,826,Denuncio ager antepono sapiente cibus.,4
95,,180,Porro cometes cunctatio natus articulus apostolus sit distinctio adficio fugit.,5
96,60.0,210,Cogo collum consuasor totus neque.,1
97,407.0,407,Tubineus adeo ver subiungo valeo conservo.,1
98,,732,Condico celer clam turpis cohibeo cupiditate subiungo.,2
99,160.0,522,Asporto abeo atque.,1
100,,881,Thymum tumultus absum texo.,2
101,15.0,917,Ullam coniecto adimpleo occaecati abundans decipio provident tamisium.,5
102,435.0,905,Stipes astrum talis spectaculum.,3
103,594.0,20,Cavus umerus cubo derideo adulatio tutamen.,5
104,,496,Tabesco sollicito via nulla studio aspernatur conforto caecus soluta.,4
105,326.0,393,Explicabo credo vomito creber clementia defungo cedo cognatus sit.,4
106,,326,Cedo aliquid accedo vociferor aufero.,5
107,,430,Thalassinus cometes custodia dolor.,5
108,,218,Defetiscor facere testimonium compello vel cerno defungo crustulum.,3
109,217.0,730,Pauper aer modi thermae.,1
110,575.0,776,Coruscus nam derideo concedo sursum.,2
111,,565,Apud acceptus candidus.,4
112,29.0,263,Curis suggero virga cimentarius aiunt tabgo.,3
113,,919,Cetera synagoga claudeo sodalitas possimus tremo.,4
114,,60,Quos summa tantum suscipit audax stips depromo vestigium antea deinde.,2
115,488.0,664,Aegrus degero fugit delego stella usitas facere accendo curis.,4
116,591.0,819,Claro virgo thema et sumo aggredior solvo.,3
117,439.0,175,Comptus basium claro cui damno colligo.,5
118,131.0,411,Approbo arcesso minima ulterius summisse.,1
119,616.0,49,Facere acsi thorax summopere terga appositus arbustum.,1
120,484.0,532,Cursus conor argentum.,5
121,341.0,991,Blandior impedit necessitatibus.,3
122,,182,Appello quibusdam ancilla utrimque cresco vitae tamdiu viridis.,2
123,610.0,801,Tricesimus desparatus tepidus celebrer tersus.,4
124,492.0,299,Carcer arbor bardus sufficio tremo super appello ad.,2
125,268.0,798,Compono demo auxilium adhuc voluptate cum ante conforto.,5
126,,438,Congregatio ago nostrum theologus tego.,3
127,603.0,232,Absorbeo conculco peccatus torrens antiquus amor corrumpo videlicet.,5
128,,332,Vomer suffragium voco avaritia deinde aranea urbanus confido demens cribro.,2
129,460.0,893,Ambitus aspernatur blandior theologus exercitationem commemoro cernuus sint excepturi desidero.,2
130,585.0,636,Valetudo tergiversatio tribuo arbor coniuratio et.,2
131,104.0,883,Sit corrumpo tenetur commemoro iusto catena inventore colligo cupiditate combibo.,2
132,256.0,549,Sustineo adaugeo deleniti claudeo defungo truculenter attero cupiditas decerno desparatus.,2
133,439.0,291,Ars summisse tego via terror currus depono timor.,4
134,,806,Illo tersus ante deripio sopor.,1
135,85.0,842,Nobis sequi socius videlicet vinco.,5
136,,201,Complectus tribuo vis articulus.,3
137,152.0,633,Quaerat rerum canto curis demo deleniti vulnero corporis desolo.,3
138,,181,Spes sumo corona colligo repudiandae tepidus.,4
139,530.0,853,Ara vinitor cursus.,1
140,,559,Adeo delectus patria aegrus carmen vivo.,4
141,509.0,769,Amo terror attollo titulus.,5
142,249.0,861,Aduro vulticulus quos torrens asper somnus abbas admitto culpo.,3
143,67.0,928,Amaritudo voluntarius abutor.,4
144,459.0,267,Ea numquam aranea bellum canto colo quae cilicium.,4
145,,902,Fugiat vulnus inventore comburo maiores non.,5
146,518.0,824,Condico turbo sonitus nihil paulatim benevolentia sollers solio.,4
147,,818,Maiores capio crustulum videlicet spiritus certus maxime.,1
148,,398,Conturbo tergeo conspergo tener demonstro theologus cometes decipio sperno depereo.,3
149,477.0,582,Sint canto ullam talio veritas.,3
150,537.0,891,Subnecto cursus tenax quaerat vix.,5
151,,998,Amoveo desidero allatus ex.,3
152,221.0,374,Thymbra aspernatur attero.,2
153,,414,Crudelis ducimus aperiam consequuntur vae.,2
154,,637,Reprehenderit ducimus magni accendo adaugeo.,2
155,,395,Volutabrum aer arto astrum laborum curto vociferor cui.,1
156,84.0,681,Iste suscipio crastinus ater quasi.,4
157,96.0,308,Spiritus ad inflammatio via cupiditas iste crustulum.,2
158,,523,Tredecim velut comburo aggero accedo voluptate.,3
159,579.0,210,Ager vorago congregatio.,4
160,501.0,80,Caveo aer statua apostolus tego ambulo aperte.,2
161,325.0,363,Tres depulso varietas thema adhuc.,1
162,,896,Pel tabesco illo tot denique aequus conculco nesciunt vociferor.,3
163,326.0,613,Cervus adamo cariosus.,3
164,572.0,215,Verbum acceptus spiritus hic subnecto stabilis.,4
165,281.0,299,Aestus numquam vomito alveus vomer cruciamentum capto doloribus.,1
166,347.0,950,Odio adiuvo ascisco usus cubo iste coadunatio tabgo apostolus tardus.,3
167,95.0,718,Bellum derideo eius acceptus decens ars adfectus.,2
168,,819,Clarus convoco blanditiis ex spiritus curis pecus ipsam vinitor.,2
169,183.0,573,Cruciamentum incidunt terra viriliter cultura.,3
170,7.0,843,Ceno vindico clibanus creo surgo ademptio virtus adsum.,1
171,362.0,360,Sollers tener tibi calamitas conspergo aut caelum cohibeo.,5
172,,357,Dedecor infit turba dolore abstergo adimpleo voluptatum accommodo coepi.,3
173,75.0,508,Trado ulterius baiulus.,3
174,265.0,922,Censura terra explicabo cilicium auctus urbs curia vallum sumptus.,2
175,69.0,150,Cuppedia sed valetudo officia timor conor agnosco.,1
176,282.0,572,Quos umquam cresco veritas verto speciosus canis degenero.,2
177,,391,Tricesimus ultra circumvenio sollers usus crur aetas odio.,4
178,90.0,912,Odio turbo ciminatio commodi.,4
179,326.0,793,Sapiente vigilo solus textor aperio animi umerus pel tergeo creptio.,2
180,617.0,83,Via tenuis sumo video suppono arguo auditor verecundia.,4
181,15.0,831,Arma admoveo esse aranea deficio alius tero.,3
182,,114,Voluptatem calco aperiam adaugeo conduco.,2
183,,29,Ago aegre virga ante.,4
184,,973,Voluptatum tandem id verbum arguo cultura deficio.,1
185,,39,Cotidie statua adfectus trado clam vilitas consequuntur eum abundans abeo.,3
186,591.0,693,Asporto volutabrum creator deputo spero comes quos defendo combibo.,1
187,189.0,19,Verus cubitum adversus creta debilito surculus cena.,4
188,48.0,827,Cultellus dolore universe ab tot aeneus.,4
189,70.0,665,Nisi magnam commemoro ambulo allatus angulus alienus substantia vitae sol.,4
190,27.0,821,Vergo venia crebro deficio.,5
191,,134,Pecus absconditus circumvenio sumptus atrox nam.,1
192,,945,Sto vir fugit debeo valde sollers.,3
193,304.0,694,Natus capillus coaegresco sumo reprehenderit omnis porro copiose.,5
194,464.0,717,Taedium corrigo odit aliquam.,5
195,268.0,494,Quia antepono nihil.,4
196,35.0,418,Adeptio auxilium quasi tondeo velum.,3
197,,303,Commodo debeo bardus optio.,2
198,328.0,115,Expedita dolorum titulus charisma.,1
199,125.0,894,Defetiscor vesica cursim articulus anser pecco despecto territo conculco volva.,1
200,111.0,508,Vicissitudo amoveo defaeco amaritudo altus conservo absque spero.,1
201,188.0,877,Causa constans tenax terror ventito credo.,2
202,,926,Quas solium substantia decet fuga callide necessitatibus tendo.,5
203,446.0,645,Cursus acer blanditiis ultra tempus certe assumenda pauper arbustum defendo.,1
204,564.0,802,Distinctio consuasor canis admitto vociferor combibo vinculum delibero.,4
205,414.0,850,Verumtamen cervus velit vilis amo.,1
206,,877,Alo ambitus caput decor super.,3
207,220.0,428,Curis creo congregatio cervus tergum valde arguo suggero.,2
208,,889,Absconditus consuasor caveo acceptus dedecor occaecati.,3
209,304.0,118,Vociferor careo subnecto.,3
210,559.0,235,Suadeo tutis anser altus amaritudo contabesco caries deserunt vomito.,5
211,602.0,335,Ventus defetiscor tantillus.,1
212,72.0,789,Virgo contra pecco ex acidus ambitus.,2
213,,6,Attollo iste adimpleo canis patior vere demitto.,3
214,,25,Aspicio tametsi delectus voluntarius valde subvenio vaco depulso.,4
215,,68,Aeneus thalassinus umbra illo trepide molestias cognomen.,4
216,,499,Tamdiu veniam cervus adhaero ventus.,2
217,28.0,671,Vobis ait creator ducimus abbas alo ademptio non solio acidus.,3
218,324.0,172,Claro speculum deporto benigne.,2
219,569.0,119,Damno sumptus quisquam vae communis curiositas.,3
220,,315,Aestus capillus pectus.,5
221,615.0,397,Caecus cauda sophismata degero administratio cunabula cupiditas optio animus.,4
222,398.0,103,Comminor cenaculum sol.,5
223,169.0,354,Distinctio candidus condico peior vulgaris celer pecus.,5
224,174.0,110,Desparatus sapiente crebro atavus nesciunt aro dolorem.,3
225,615.0,476,Tyrannus supplanto apto ustulo alias.,5
226,,129,Veritas caveo supellex civitas magnam cilicium theatrum stipes.,5
227,264.0,181,Aureus venio valeo.,4
228,224.0,89,Creator virga quaerat est congregatio terror ancilla sol utpote succurro.,2
229,500.0,324,Turpis voluntarius volubilis celebrer aperte succedo versus conicio.,1
230,92.0,828,Sonitus adimpleo sophismata laborum.,5
231,15.0,871,Tredecim desipio aegrus aptus voluptas accommodo taceo vinco ventito deprecator.,2
232,474.0,446,Cruciamentum angelus defendo expedita adnuo adficio inflammatio sequi arguo uberrime.,1
233,147.0,761,Absorbeo cohibeo creptio creator voro aspicio celer umquam.,5
234,8.0,572,Deorsum animi adamo vapulus cui soleo maiores animi vis.,5
235,560.0,281,Demens dedecor tremo antiquus ascisco utilis.,3
236,341.0,494,Varietas contigo cavus timidus socius bellum tergum vestigium.,4
237,372.0,457,Termes confugo magnam conatus bellicus.,3
238,325.0,319,Thema contabesco consectetur capio.,4
239,,757,Esse umerus cunae.,4
240,45.0,623,Callide tergo clibanus cenaculum timidus sui.,3
241,266.0,100,Abeo aiunt summisse.,3
242,493.0,773,Torqueo centum delicate.,2
243,,579,Contigo autus sui.,1
244,422.0,586,Bardus ratione aestivus aspicio depopulo dolorum amaritudo alius ter.,1
245,,526,Tamen defaeco creo explicabo crapula creta vobis consequuntur.,3
246,301.0,925,Depraedor collum veritatis toties.,2
247,,505,Vacuus explicabo strenuus spero coaegresco deduco tametsi speculum exercitationem.,1
248,159.0,442,Sufficio solitudo audentia territo admoneo termes spero.,5
249,403.0,724,Acidus ulterius votum censura quo cubicularis minima vehemens.,4
250,,359,Conduco caute cur.,1
251,,488,Adeo tunc coepi.,1
252,24.0,402,Terga aperio ullam succurro bellum delinquo textilis civis usitas.,1
253,,79,Voluptate aptus porro vester crepusculum vomito utroque.,3
254,,565,Debeo tactus utrimque defessus.,2
255,197.0,638,Porro approbo vos condico verbum veritatis vomito casus cui sufficio.,4
256,133.0,230,Deripio alo tantum virgo quae.,4
257,,317,Quam vereor cibo cui.,4
258,387.0,92,Cotidie conforto solum video.,4
259,409.0,740,Arceo studio coadunatio est.,5
260,,678,Spectaculum sperno defungo accusamus abscido credo vomito centum vulgaris.,3
261,250.0,201,Debeo tandem vesper velociter suus benevolentia.,4
262,,196,Amiculum coaegresco vobis.,4
263,131.0,674,Casus cognomen apostolus arca statua quidem summisse demo defendo.,5
264,299.0,618,Solum adiuvo concedo turpis conor illum animus calcar.,3
265,260.0,699,Caste totus aggredior consuasor tres villa carbo.,5
266,,122,Virga earum defessus baiulus utique carbo terror.,4
267,233.0,196,Doloremque uter defleo tollo callide.,2
268,260.0,738,Natus tantum nemo aurum concedo suffoco sono decipio.,4
269,603.0,807,Quae deputo bellum aer correptius aperiam sophismata cupiditate ipsa.,1
270,551.0,880,Volubilis quaerat nam cariosus alienus exercitationem claudeo speciosus dignissimos.,2
271,135.0,196,Animus desidero depraedor adeo coerceo sortitus.,2
272,,205,Thalassinus adsuesco contra quisquam depromo asperiores.,5
273,521.0,773,Bestia celer vinculum deorsum repellat alius sublime cultellus deorsum.,3
274,579.0,943,Paens thesis sapiente validus magni.,1
275,,393,Quas tantum agnosco perferendis.,4
276,38.0,989,Cogo itaque ademptio curtus curvo degero quibusdam spero vallum.,1
277,128.0,966,Conor ars adipisci.,1
278,288.0,937,Numquam amiculum necessitatibus praesentium adsidue comparo.,5
279,94.0,411,Quas curo patria vigilo colligo combibo tamquam ustulo.,4
280,,572,Coma undique voluptatum tutis tamen.,2
281,5.0,311,Sono dolor accusamus decet tardus eos cinis.,4
282,485.0,605,Volaticus tempore depopulo rem quisquam alter.,3
283,459.0,774,Dedecor utroque terra cognomen cohaero toties vallum desipio conforto ter.,4
284,,849,Tot accusantium eaque nemo culpa careo magnam.,2
285,,327,Ipsam amiculum carpo.,3
286,612.0,351,Spargo sto expedita antiquus deputo temporibus vehemens suasoria.,3
287,146.0,605,Cubitum avaritia celo unde.,4
288,,313,Cibus viduo verecundia umquam valeo celebrer.,2
289,606.0,719,Curtus tero curtus culpa.,1
290,470.0,996,Nostrum adfectus bibo civitas amissio texo caelestis curtus carcer.,5
291,499.0,294,Verbum ocer sol.,2
292,622.0,189,Cerno curia adstringo thalassinus armarium odit defendo.,5
293,361.0,771,Apparatus sponte totidem vulnero.,4
294,420.0,763,Sint uberrime defaeco deprecator.,3
295,414.0,506,Molestias condico desidero.,3
296,413.0,825,Creptio verbum aer agnitio cunctatio alter confido amplexus.,3
297,254.0,841,Angulus consequatur angustus demitto commodo enim.,3
298,28.0,494,Ipsam testimonium una despecto cotidie terra pecto.,1
299,,134,Quidem aestivus stultus creta aegrotatio pariatur trepide vinitor comptus enim.,3
300,303.0,152,Aestus celo tenetur capitulus.,2
301,58.0,539,Somnus voluptatem corrumpo voluptatum agnosco ultra talus perspiciatis arguo.,1
302,,729,Tondeo provident quam voluptatibus paulatim absorbeo magni argumentum.,4
303,336.0,339,Curso tempus volup recusandae cerno adflicto accusator.,3
304,,490,Careo aduro cras arca amor ex curto.,3
305,,360,Sequi sed compono tabernus celebrer eum tardus deinde quia cometes.,4
306,90.0,520,Tum timidus ex teres denuncio videlicet.,4
307,519.0,7,Provident depraedor maxime dedico crastinus cinis.,3
308,,723,Ager voluptas quam amor.,5
309,550.0,445,Collum aer subnecto aegrus.,4
310,403.0,496,Deserunt vir utor sortitus veritas conforto.,3
311,,61,Utpote tutis amo patria cohibeo molestias laborum velum.,1
312,457.0,855,Solio cattus peccatus aestas valeo solio itaque fuga tubineus.,4
313,79.0,956,Vigilo valeo tricesimus incidunt tego apud atqui sui.,5
314,,386,Argentum vapulus volaticus eveniet vaco territo catena.,4
315,142.0,797,Apparatus consequatur unus ex textilis.,3
316,,908,Asper praesentium coruscus quae approbo decet vehemens celo solium.,3
317,,562,Quae terror tristis paulatim atque creber amitto.,5
318,298.0,138,Strues crux bos.,4
319,179.0,983,Animus eligendi molestiae sumo cupio aggero.,1
320,,487,Congregatio curvo aeternus comptus sollers deorsum.,4
321,,63,Eligendi nisi villa vitiosus admiratio solvo paulatim.,4
322,,884,Aliquid ars debitis vitiosus valde paens triumphus.,4
323,3.0,91,Asper adicio cohors capitulus autus vado tego tres tondeo.,2
324,,495,Audax ex ambulo causa sollicito sollers aranea sortitus.,5
325,72.0,13,Attonbitus optio bene argentum decerno creo praesentium ustulo.,1
326,347.0,239,Nam tamen nostrum adfectus statua terreo.,5
327,467.0,1,Usus tertius ex terror aliqua solum vesper.,1
328,271.0,612,Totus turpis molestiae.,4
329,510.0,345,Calamitas caute civitas amplexus.,2
330,444.0,180,Suffoco dedico amoveo demo pel civis.,4
331,,796,Distinctio adaugeo contigo vitium vitium usque vesica.,5
332,,910,Aut versus triumphus sed amet addo tamdiu.,1
333,,868,Auctor chirographum cerno triumphus utilis unde usitas tardus.,2
334,,121,Absque curiositas arbor vitium reiciendis verto tepidus deficio.,5
335,,549,Copia spiritus volva thorax vilitas civitas xiphias demitto carmen solvo.,4
336,368.0,946,Celer benevolentia accendo.,2
337,342.0,454,Demitto vociferor templum demens conforto.,1
338,114.0,707,Delectus eligendi vulgivagus vindico ustilo suggero addo brevis aequitas.,2
339,479.0,499,Appono deficio bonus pecus debilito vigilo cavus abutor aptus cilicium.,5
340,,600,Amoveo timidus crapula arx conturbo artificiose.,1
341,17.0,565,Defessus tersus acies viduo abbas quam demergo deficio validus sub.,4
342,475.0,861,Accendo talus delectus adhaero accommodo vicinus deludo mollitia sapiente aranea.,3
343,430.0,651,Atqui terreo atrox velum velum tempora cohaero vicinus civitas calco.,4
344,595.0,285,Celer curis ipsam voveo voluptas creta cotidie voro.,5
345,293.0,463,Deputo quaerat corpus.,4
346,226.0,760,Pauci carus vero vox succurro avarus tristis depopulo vulticulus strenuus.,5
347,480.0,376,Voluptas capillus tametsi.,4
348,,117,Delinquo adaugeo uxor depopulo debilito vaco solio.,5
349,,562,Soluta curo repellendus quos patrocinor adficio amplitudo vesper.,5
350,500.0,886,Maxime calco deprecator depromo aegre astrum cognomen clementia auctus atque.,1
351,,333,Celer patria delectus terra utpote delectatio.,4
352,51.0,274,Congregatio thesis calco cognatus catena.,3
353,,428,Vacuus venio suscipio aspicio cohibeo calculus venio acervus quae tumultus.,4
354,,220,Asper spero colo demergo.,4
355,,809,Adimpleo apostolus tunc cupiditas via alii sum careo thorax volo.,3
356,,546,Cornu consectetur desino xiphias placeat admoneo rerum.,4
357,474.0,912,Minima demergo provident totidem appositus ut theca conor.,2
358,,3,Deserunt thema cunae alii adsuesco.,1
359,,314,Tumultus cito subnecto.,4
360,10.0,47,Arx tabgo aperte vitae cruentus atavus aggero utrimque.,5
361,,721,Theca cogo repudiandae video.,1
362,,344,Voluptate id demonstro urbs curo.,5
363,,70,Curatio admitto cado.,2
364,91.0,457,Tres tertius decipio adfero tamisium subiungo inflammatio occaecati autus.,1
365,,815,Textilis cariosus comptus sumo claro.,1
366,196.0,206,Agnitio quos somniculosus cumque.,1
367,,663,Summisse vicissitudo turba conor doloremque asporto acervus claudeo.,1
368,,268,Ultio aut volubilis.,2
369,,719,Attero calcar deserunt censura dicta.,2
370,57.0,587,Vulgaris ipsa admitto comis sui canis nobis.,4
371,553.0,726,Anser somniculosus ulterius aufero summisse cura alienus.,5
372,410.0,583,Alter crepusculum amaritudo hic villa solus impedit tantillus doloremque.,3
373,576.0,772,Tracto sollicito cupressus crapula.,3
374,,996,Quas illum utor vicissitudo tergiversatio cum.,4
375,400.0,806,Deorsum theca varius crebro eaque communis armarium ducimus tres supellex.,4
376,119.0,613,Titulus taedium sapiente nulla inflammatio ullam clementia talus.,2
377,62.0,674,Pecto terebro aegrotatio trepide.,2
378,163.0,737,Arcesso uxor cena cunctatio cribro asperiores vestigium thesis.,2
379,285.0,240,Conscendo vulariter coerceo alo talus alo valens copiose terra.,2
380,,994,Caste textilis benevolentia thesis sponte libero barba candidus.,1
381,25.0,334,Iste adstringo minima tenetur denego viduo corrupti necessitatibus.,4
382,,16,Angelus utilis conventus ter quia demergo torrens.,5
383,182.0,15,Aspicio desipio cubicularis coruscus ambulo corrumpo vulgaris quia aperiam coruscus.,3
384,333.0,53,Tersus ocer allatus.,5
385,107.0,755,Xiphias virga creptio verecundia despecto brevis suasoria quisquam quidem.,1
386,,237,Cetera arcus deludo ante toties vigor magnam caste labore.,5
387,,470,Careo apparatus vacuus ait.,1
388,,573,Strues callide crustulum sustineo assumenda baiulus deripio.,4
389,150.0,776,Vomer comes bos.,1
390,574.0,575,Canto templum quos admiratio conturbo ustulo thymum tui acies.,1
391,195.0,264,Comedo suffragium nobis custodia.,4
392,226.0,106,Denuo copiose ubi nobis statua cogito.,3
393,,486,Soleo tibi tenuis pel caecus villa degusto velit synagoga.,4
394,2.0,527,Apparatus cupiditate amicitia agnosco aro deinde vester acidus benigne approbo.,1
395,,289,Acquiro antiquus curto nihil aureus tracto tantillus timidus turbo.,1
396,376.0,444,Tubineus comminor utor.,2
397,,618,Certe rerum corrigo.,1
398,,268,Cilicium viridis tepesco canis vomito demulceo cerno damnatio quia.,3
399,,943,Thesis iure vilicus degenero abduco capitulus.,5
400,53.0,583,Uter venustas patrocinor claustrum corpus alienus absconditus.,5
401,,907,Vulpes cogito rerum defleo soluta coaegresco.,5
402,4.0,807,Adversus deficio virgo casso aptus totam sopor tui delicate.,2
403,412.0,669,Ubi damno tenus alo molestiae avaritia verumtamen admoveo amiculum officia.,5
404,,683,Corpus impedit amoveo tepesco cinis articulus deludo.,2
405,488.0,983,Qui derideo claudeo.,4
406,449.0,920,Claudeo temptatio creptio antepono.,2
407,,169,Nemo comes arbustum temptatio audacia sustineo canonicus crur texo.,4
408,,31,Solutio corporis accusamus quo conatus thymum abduco.,3
409,,913,Aspicio caries adstringo aliquid vitae temperantia.,5
410,334.0,776,Ustilo causa quibusdam vilitas.,5
411,264.0,543,Aureus coepi quidem sono desidero.,3
412,382.0,955,Alias id curriculum vulariter censura desparatus bardus.,2
413,,807,Spargo occaecati talis conservo vomer.,2
414,503.0,866,Tricesimus campana velociter uter.,2
415,,35,Turbo impedit toties.,3
416,544.0,783,Deleo balbus vox crebro distinctio alias thymum excepturi.,2
417,348.0,887,Impedit degusto ars vulgivagus bonus pauper solvo pauper cupiditate.,1
418,384.0,487,Aperio deleo architecto comedo totidem delinquo ait adsum.,5
419,404.0,614,Corrumpo caecus cubitum solus sustineo accusantium sublime.,4
420,,757,Utilis eum vivo tergum abscido tempora placeat arbitro desidero.,3
421,496.0,581,Tepidus utique astrum cui utrum.,1
422,323.0,962,Teneo averto thorax.,1
423,236.0,271,Tutamen assentator defluo volup turba venio adipisci.,3
424,73.0,310,Vel carcer utor claudeo ambulo sol vigilo quia validus.,2
425,384.0,874,Carmen charisma derelinquo aptus quam sumo dolorem sum uxor.,2
426,386.0,41,Sordeo accommodo pel.,2
427,,170,Ea vinum auxilium adinventitias vulticulus.,1
428,173.0,134,Sordeo tergo harum tubineus sulum acerbitas perferendis vado.,5
429,28.0,414,Curatio defluo compono.,3
430,,606,Denique truculenter magnam tempus volutabrum texo vomica volubilis coaegresco colo.,1
431,570.0,364,Terebro tumultus ago.,1
432,586.0,765,Valetudo cedo despecto.,1
433,302.0,647,Vigilo turba adsuesco deripio aliquam tonsor.,2
434,182.0,287,Absconditus spargo degero tandem auctor trans amissio concido infit nostrum.,2
435,204.0,790,Sonitus velum talus quam volutabrum laboriosam.,2
436,292.0,858,Illum conforto quos provident virtus acervus tam arma admiratio.,1
437,216.0,587,Aequitas tollo cubitum contra custodia numquam casso.,1
438,613.0,502,Toties theatrum canonicus audentia stipes solus cernuus canonicus.,4
439,581.0,838,Templum supplanto vomer cado ager suppellex repellat absorbeo.,4
440,68.0,570,Tripudio crinis benigne thymum aptus.,2
441,,47,Spiculum curia demo acceptus caterva.,5
442,353.0,580,Admoneo cupressus audeo aestas.,3
443,218.0,458,Aggero audio itaque amita.,2
444,206.0,467,Tergo vulgaris verus sapiente valde cilicium.,5
445,,568,Sit uberrime arcesso crustulum trucido pecco conservo.,5
446,491.0,892,Complectus suscipio turpis.,2
447,365.0,35,Callide umquam suffragium.,5
448,256.0,35,Reiciendis terga canonicus demitto brevis.,4
449,,325,Terreo acceptus decimus sonitus accusantium amplexus.,3
450,52.0,468,Crux stillicidium surculus minima allatus.,2
451,507.0,1,Crinis cubo nostrum cicuta solum apud adversus aveho candidus.,5
452,34.0,899,Speciosus debeo votum comis a.,2
453,512.0,609,Sortitus ullam aurum communis temperantia territo annus.,4
454,,930,Vociferor eos adicio creta perferendis sursum demo acidus attero.,4
455,,656,Assumenda suus angustus volup apto ventito aequus annus.,5
456,,691,Demonstro tepidus aurum argentum cui accusamus ea tempore.,5
457,367.0,5,Vomica veritas solum ex.,4
458,106.0,112,Sapiente amor cuppedia corporis candidus talus.,4
459,147.0,72,Usque quia inflammatio tubineus voluptas.,3
460,289.0,317,Assumenda delectatio suppono aeger caste reprehenderit.,1
461,,114,Conscendo vulgo temporibus tenetur cubicularis claro traho abundans.,1
462,,575,Virtus super dolorem eum cras arcus crastinus.,1
463,,712,Turpis alias defendo tandem tribuo excepturi vigor clamo speculum.,2
464,259.0,778,Suscipio totus adflicto.,3
465,,863,Tergiversatio concedo dapifer tutamen deprecator comburo aliquid minus abundans pectus.,2
466,,862,Trado absorbeo adeo altus temeritas peccatus clementia civitas.,3
467,582.0,624,Dolorum agnitio usitas demum cultura.,1
468,,159,Decens beneficium solitudo uter cuppedia officia.,5
469,,182,Caste tum certe minima astrum succedo cras delectus.,2
470,,416,Peior adulescens quibusdam conitor claustrum.,4
471,584.0,421,Arceo ascit arto velociter tui.,2
472,423.0,854,Hic denego tandem.,2
473,249.0,964,Conforto cupressus tracto subseco charisma sustineo depromo bos venio.,5
474,,80,Victoria caries abundans adulescens cornu cultura cohibeo.,4
475,122.0,841,Termes porro terra quia.,5
476,61.0,505,Adamo solvo pauci crastinus barba strenuus undique animi.,3
477,420.0,230,Titulus totus triumphus clibanus beatus calamitas arbor spero cui ademptio.,5
478,,894,Velociter ipsa pauci credo sed verbum suffragium sub.,1
479,,243,Sodalitas vulgus veritatis uter volutabrum aro suspendo.,2
480,,660,Volaticus tandem cibo atqui occaecati strues caveo vester.,2
481,,338,Cresco cupressus animadverto adhaero venia amo vulgus.,1
482,,761,Coerceo somniculosus eius xiphias cupressus uxor trepide absque tener.,5
483,22.0,525,Sophismata saepe decretum terminatio.,2
484,,617,Deserunt vulticulus una alo velociter deprimo causa tabula absque.,1
485,309.0,188,Uxor tribuo tracto decimus varius.,5
486,44.0,412,Delectus arbustum vito canto teneo torqueo aurum tendo tollo natus.,2
487,364.0,376,Armarium ascit eum.,4
488,,512,Amor combibo cicuta.,5
489,256.0,985,Triduana asper totam distinctio crapula deorsum caterva appositus.,3
490,214.0,436,Quas cursus somniculosus suus odit amet cohaero studio vociferor adsuesco.,3
491,,279,Consuasor tenax cognatus vallum voluptatum delectus thesis ullus quos debitis.,2
492,,950,Eveniet aperte peccatus subnecto non adimpleo acer cinis cinis labore.,2
493,473.0,357,Arcus tristis infit amplitudo tendo constans abstergo cinis.,2
494,432.0,241,Audacia derelinquo ventito capitulus.,5
495,435.0,338,Caelestis ara viridis altus.,5
496,,682,Adipiscor degenero tertius crinis architecto comedo adeo alias.,3
497,,204,Adimpleo volaticus tergeo viduo cinis torqueo maxime dolorum.,2
498,,216,Terror ustulo spes.,1
499,400.0,627,Tredecim carcer demum cumque ulciscor cimentarius arcesso adipiscor bos conor.,2
500,,309,Vix torqueo tristis denique curia amissio utrimque antea.,4
501,,157,Ter agnitio adhuc maiores allatus claustrum torqueo.,1
502,,234,Defetiscor dedico solutio claudeo.,5
503,62.0,912,Audentia corpus tui subiungo amissio.,3
504,295.0,51,Vos coma aegrotatio decet solus.,4
505,386.0,640,Uxor substantia vapulus coniuratio desparatus adhaero tonsor suspendo compono subseco.,3
506,,405,Spoliatio debilito aggredior timor adversus spargo benigne sortitus iure.,1
507,146.0,497,Ara adfero ullus charisma tui ex triduana.,5
508,,849,Atrox crustulum debilito correptius quisquam in consequatur aduro corpus amissio.,1
509,,875,Barba sollicito atqui ago tenus confido vespillo.,4
510,,358,Sursum amicitia conculco neque comparo cunae angustus terminatio blandior eos.,2
511,,438,Capillus amo verbum conicio.,2
512,,208,Damnatio angelus labore vulariter acsi voro sumptus triumphus.,5
513,362.0,271,Voluptates voluntarius benevolentia desino conqueror vulgo carcer adhuc aufero decet.,2
514,,987,Antiquus ventito coniuratio venustas certus argentum id.,2
515,,848,Alienus timor considero vilicus apostolus cultellus.,3
516,166.0,830,Talio denego adicio demoror conitor suus articulus peior tui.,5
517,229.0,136,Autus stabilis testimonium adicio aestus.,1
518,500.0,167,Venustas cumque cubitum subiungo cenaculum conculco viscus officia.,3
519,556.0,26,Sint ulterius tantum valens.,5
520,183.0,453,Accusator tubineus cometes validus bonus arbor.,5
521,429.0,247,Aranea absum rerum tum.,4
522,62.0,94,Abbas terebro cornu clarus concido delectus tergum statim templum alo.,1
523,,202,Vulpes tui copiose deserunt praesentium tamisium theatrum inflammatio atavus.,5
524,402.0,763,Supplanto solio caecus vorax cohors suffoco carbo subiungo alienus omnis.,4
525,266.0,239,Assentator comprehendo spiritus laborum vis aureus soluta tam addo laboriosam.,2
526,,648,Auctus xiphias certus thymum distinctio.,2
527,193.0,617,Officia accusamus decet.,2
528,,67,Bibo corrupti titulus cursus calamitas supra cupiditate.,3
529,,498,Taceo sono solium tener deleniti cuppedia comedo aeternus cunctatio cariosus.,2
530,418.0,183,Stultus cicuta vix calculus soleo administratio vehemens aequus.,3
531,,763,Vilis patior corpus cibus confugo admoneo similique accusantium.,2
532,342.0,136,Antepono stillicidium thymbra.,4
533,475.0,351,Apud aequus tandem tener derelinquo delicate summisse contigo.,1
534,,252,Ascisco assumenda absque alias velut.,3
535,294.0,592,Voluptates commemoro supra aurum viriliter cerno pecus termes veniam.,1
536,260.0,716,Delibero sub amiculum desolo surculus angelus aptus acer.,3
537,319.0,742,Animus casso tergeo iure vindico adiuvo.,4
538,220.0,773,Acidus amplitudo desipio odio synagoga vulpes derelinquo vilitas ancilla.,1
539,350.0,320,Magni tantum celo.,5
540,108.0,187,Cunae tribuo maxime apostolus voluptatibus denuo caput.,2
541,,519,Temeritas aurum concedo voluntarius aetas asper tum curiositas crastinus.,1
542,40.0,261,Tricesimus vere demulceo eos ascit.,1
543,,575,Video adhuc comparo ventus curvo vulgo ipsa dolores uberrime.,3
544,,131,Comedo clamo adsidue usitas vorago.,3
545,335.0,461,Valetudo calcar aveho.,1
546,41.0,316,Compello casus arma aqua.,1
547,535.0,771,Cado universe acidus adeo bene tutis quam accusantium.,5
548,,497,Delectatio undique crinis maiores urbs colo.,1
549,83.0,960,Viscus in socius vigor.,3
550,429.0,19,Tot suus talis cupressus aurum crapula sopor tenetur.,3
551,65.0,227,Aqua theca dapifer.,4
552,103.0,763,Civis dens theatrum benevolentia ocer ipsa alias ulterius ipsam thymum.,1
553,,841,Carcer carcer carus.,1
554,,282,Creber cum et creta coerceo umquam summopere vallum bardus creta.,4
555,,943,Terebro amitto utilis degero voluptates demoror laboriosam sperno quis.,3
556,607.0,311,Asperiores thymum deorsum.,1
557,,385,Debitis neque campana baiulus atque verbera adnuo tersus argumentum collum.,4
558,,505,Velit tepidus abstergo.,4
559,,685,Curso tandem temporibus uterque compello audax cur comitatus.,4
560,,493,Adfectus eum deripio angulus sodalitas alo suus tero.,2
561,338.0,846,Uterque aqua adfectus caput autem brevis.,4
562,,161,Asperiores aegrotatio varius deleo vilicus vinculum patruus.,5
563,,494,Thermae stella curto.,3
564,331.0,31,Vorago varius excepturi.,4
565,,457,Supellex debeo considero venustas clamo candidus ullam tabernus balbus vomer.,5
566,562.0,804,Tepesco tantum cras.,3
567,458.0,293,Deduco correptius summa.,3
568,,220,Apostolus alii uter vox.,5
569,307.0,427,Utpote conculco vallum.,3
570,,295,Tamen aperio decens occaecati cenaculum vito ea ustulo.,5
571,,183,Usitas adversus acervus a a caritas laudantium termes undique creta.,5
572,,25,Uterque damno decerno spes acceptus derideo ceno vulgo triduana utique.,3
573,3.0,477,Denuncio cerno pel clarus vulpes subnecto confido cauda.,3
574,,67,Optio terminatio conatus comes.,5
575,561.0,535,Subseco atrox carbo vos baiulus caute optio degusto.,5
576,265.0,858,Auctor animadverto vulnus perspiciatis avarus civis clementia ustulo eos uberrime.,2
577,,290,Clam consuasor corporis tamdiu tactus.,5
578,,201,Apud uter molestias decerno vindico vitiosus depraedor territo explicabo color.,3
579,301.0,59,Assumenda angulus confugo.,4
580,562.0,806,Vere aestas adeo nesciunt summopere necessitatibus tripudio aliquam benevolentia tepesco.,2
581,480.0,887,Modi virga urbs distinctio temperantia coadunatio valeo.,1
582,172.0,615,Id denuncio vociferor subseco coniuratio.,4
583,373.0,144,Aetas ipsam absum clibanus cohors sui.,4
584,464.0,227,Valens asporto clementia enim molestias vicissitudo.,5
585,515.0,357,Confero voluptate adipiscor absens.,5
586,,810,Voco titulus patria.,1
587,540.0,270,Tamquam ager conduco.,5
588,,947,Defetiscor ater audio reprehenderit.,1
589,,779,Curso est beneficium tego caput.,3
590,433.0,587,Subiungo sono assumenda ascisco thalassinus aptus autem.,1
591,423.0,97,Suadeo sonitus vallum clibanus bellum cultura viscus comparo ratione.,4
592,193.0,959,Conatus deleniti cupressus asperiores civis spiritus sed vomer.,1
593,,65,Alioqui defluo ver tenus articulus campana quaerat ciminatio appello.,2
594,13.0,358,Aliquid culpa vilitas callide bene ager denique demum demitto.,4
595,75.0,273,Vereor viriliter adduco vicissitudo vulnus volva aeger currus desidero.,5
596,162.0,656,Reprehenderit cuius cui nulla demum sodalitas tamquam desolo.,1
597,514.0,976,Capitulus textus caput defendo caecus toties acervus tui.,1
598,498.0,637,Stipes summopere substantia sto beneficium.,4
599,,127,Curiositas vigilo voluptas.,1
600,477.0,381,Subseco ascit voluptate aro qui clarus auctor spargo adfero.,2
601,,132,Pecus auctus dicta vox odio atrox atque defleo territo.,4
602,6.0,921,Vetus curtus expedita cerno carmen adulescens patria adaugeo congregatio.,1
603,61.0,990,Magni velociter vigor cubicularis tonsor doloremque suscipio addo supellex.,2
604,41.0,930,Incidunt adnuo ventito vomica curo cauda debitis vorax decumbo calcar.,4
605,,754,Credo adversus creber celebrer tutis aestivus peior.,4
606,,412,Stillicidium cresco uredo cornu nobis peccatus quam addo.,2
607,,265,Depulso appositus callide alioqui adhuc natus.,2
608,,656,Suspendo ter desidero.,1
609,217.0,631,Tergo acies vulgus arca curvo cura vinum aspicio textilis dignissimos.,5
610,57.0,942,Tonsor capto colo et votum conturbo amita tutamen totam.,5
611,66.0,439,Suscipit argumentum vado ars.,2
612,104.0,583,Similique commodi ullam officia pecco corporis deripio aveho.,2
613,392.0,182,Ago assentator claro eveniet vulgo molestiae aeneus vivo ascisco.,2
614,,96,Certus calcar alius cotidie consectetur incidunt.,4
615,,148,Ultio curatio absum cum inventore talio laborum decens.,2
616,5.0,191,Absconditus ea aperiam stips quod amoveo vetus termes tepesco.,2
617,504.0,252,Uterque vociferor convoco conscendo.,1
618,1.0,939,Talus voluptate adsuesco ut volo suppono valde.,3
619,,398,Summa repudiandae voluptatibus.,1
620,398.0,861,Complectus versus accusantium cunctatio deinde corrigo audacia dapifer compello.,5
621,343.0,854,Degero advenio tolero voluptate stultus labore defessus tripudio aduro.,1
622,,57,Decretum quam acies voluptatem.,2
623,,233,Soluta vulgivagus bis arx somniculosus ciminatio carbo.,1
624,,2,Utpote numquam aliquam via.,1
625,,338,Aedificium colo amo contra textor canto cras.,5
626,588.0,998,Creber verecundia audio viscus facere vehemens dolore.,1
627,,889,Thymum sapiente alter cur stipes turba esse curriculum molestiae.,2
628,,440,Asper causa demulceo tolero ambitus voro venia.,2
629,,706,Spectaculum comparo viridis adduco conspergo.,5
630,601.0,131,Victoria addo traho ventus.,3
631,,510,Tener velit bibo derelinquo velit tergum.,5
632,,65,Ipsa ara cruciamentum.,5
633,,236,Sortitus adinventitias adiuvo tersus desolo.,5
634,315.0,307,Aperte cognatus tabgo admitto trans perferendis tabesco illum.,3
635,251.0,425,Sint amet clementia.,3
636,272.0,179,Unde admoneo omnis neque dapifer concido creta ea.,4
637,102.0,346,Complectus solvo caveo crepusculum.,3
638,,705,Spes traho terga.,5
639,,273,Dolorem cogito abutor angulus.,2
640,,899,Vulariter decerno trans ascisco templum compono.,5
641,435.0,521,Taedium quibusdam alo aliqua correptius accedo.,4
642,287.0,796,Verecundia ustulo corroboro ait desipio cupressus canis copiose.,5
643,,115,Commemoro acsi argentum corrumpo sufficio ducimus decet.,2
644,,643,Totus complectus aspicio universe viriliter stillicidium collum perspiciatis terra.,2
645,,195,Vaco rerum volva ager aliquam nulla custodia spiritus.,2
646,106.0,989,Urbs capitulus ipsa tantum ambitus architecto uredo tamdiu.,4
647,176.0,599,Copiose umbra adsum depereo ipsam quam et aggredior turba arguo.,2
648,58.0,311,At subnecto capitulus doloribus clementia video villa armarium.,4
649,36.0,853,Cognatus atqui sunt.,3
650,,110,Caute asper torrens tenus pectus verecundia asperiores.,5
651,,529,Adflicto colo pecus arbustum.,2
652,,704,Usitas timor colligo voluptatibus repudiandae ante.,4
653,,914,Admiratio ceno coma velut volubilis solitudo varietas spectaculum.,1
654,439.0,45,Aspicio incidunt tunc uredo ipsam suspendo bellum.,4
655,554.0,956,Capto ut quam vae comptus paens verus vilicus.,5
656,,896,Adeptio surculus depraedor defluo tum cubicularis despecto stella spiritus.,4
657,,344,Sit vulariter conatus viduo tantum argentum aggredior.,3
658,373.0,170,Aeneus distinctio deleo tres coadunatio supra convoco summisse.,1
659,397.0,315,Admitto arca solitudo.,2
660,553.0,130,Utpote solus desidero sit corrumpo suasoria titulus volva vesica tam.,3
661,,195,Censura absum tertius vir debeo aranea.,2
662,338.0,463,Cohors comitatus umquam.,2
663,59.0,107,Dolore denego adsuesco alienus vito utor.,1
664,,499,Minima avaritia temeritas toties amoveo.,1
665,338.0,324,Viridis attero toties carus vis combibo inventore utor cogito solutio.,4
666,,695,Tersus aranea ascisco alo decipio dedico.,4
667,440.0,905,Terreo verecundia bellicus curtus sortitus.,1
668,386.0,784,Delicate sono aeger maxime velit brevis iure.,1
669,427.0,593,Clamo cursim sustineo cavus testimonium utor cogo.,5
670,,189,Auxilium congregatio averto deficio amor.,3
671,217.0,168,Cilicium spoliatio templum suffoco perferendis aperio consuasor traho quos.,3
672,,218,Abutor cernuus repellendus cibus crastinus.,5
673,171.0,670,Calcar desipio appositus administratio.,2
674,599.0,627,Vel sub vinitor dolores.,4
675,520.0,407,Aequus approbo vociferor sursum adficio admiratio sol conventus acies.,2
676,,833,Ceno creta casso ante volva arceo denuo.,2
677,,845,Valeo viduo tonsor auditor ipsam patria usque vulnero reprehenderit.,2
678,389.0,184,Adsidue defetiscor aggero utilis ascit suggero suadeo.,2
679,,610,Tum viriliter decumbo nostrum depromo corrupti verecundia.,4
680,17.0,852,Cur veritatis cotidie audacia.,3
681,160.0,588,Velit dolore vos distinctio carus temperantia umquam stipes.,2
682,,776,Vitae vestrum reprehenderit sponte addo.,4
683,88.0,979,Credo tutamen antiquus aliqua vulticulus adopto capillus.,2
684,153.0,929,Tam tergiversatio conitor nostrum expedita bellicus comedo asporto asporto.,5
685,141.0,321,Colligo via unde demo defluo ab cupio.,5
686,348.0,900,Repellendus careo avarus conduco tertius terminatio allatus aegrus libero.,3
687,,667,Vulgo aer creber amplitudo videlicet verto cohors tempus aestivus pecus.,1
688,306.0,236,Solutio capitulus amplitudo abbas.,5
689,61.0,878,Defluo conatus degusto coma conicio debilito vinitor quos vox.,4
690,,358,Clarus acervus consequatur teres subito soleo ustilo.,2
691,561.0,684,Saepe valde decimus campana.,2
692,179.0,465,Ancilla umbra clamo.,4
693,305.0,838,Creber verumtamen amissio tenax dens aegre.,1
694,97.0,662,Calcar textus alienus tunc ex cultellus cursus ea triumphus.,3
695,,948,Teneo trepide utilis.,1
696,211.0,914,Altus tutamen adeptio.,4
697,48.0,915,Thesis cervus est tamen demonstro cohibeo curatio ducimus voco cometes.,4
698,522.0,177,Ancilla volutabrum charisma.,5
699,534.0,380,Amita delicate vulariter depono tunc.,1
700,,309,Totam confugo vitium adduco animi coniuratio teres repellat venio inflammatio.,1
701,450.0,769,Adicio valens adflicto tergeo aggero argumentum facilis vulgaris ater.,3
702,,444,Trepide vorax stipes explicabo conatus accendo verbum adaugeo ratione caput.,1
703,486.0,988,Dapifer cubo thorax commodi succurro torrens nisi aegrus benigne.,3
704,,199,Decerno vigilo spoliatio bestia canto aut similique territo.,5
705,16.0,478,Conforto totam curvo tabgo comitatus curatio adulatio.,1
706,339.0,619,Vorax voveo maxime.,2
707,229.0,101,Agnitio termes facilis cado amplexus.,4
708,592.0,406,Aqua delectus amoveo vulnus cursim celebrer tempore.,4
709,,931,Cultellus depromo ver tutis.,2
710,579.0,791,Repudiandae veritas tardus cado vester curia aestas solvo volutabrum.,5
711,6.0,399,Denuncio ipsa delectatio aeger tempore atqui fugit.,1
712,,551,Reprehenderit convoco coadunatio vicissitudo congregatio comminor tamquam.,1
713,,749,Arma thema verbera triduana tertius amplexus administratio.,3
714,,188,Tego caelum admoveo bibo video.,5
715,,478,Beatae usus tutis.,5
716,391.0,502,Delectatio auxilium deludo.,1
717,,749,Subvenio correptius aspicio.,2
718,144.0,208,A vulgus tero.,4
719,,99,Vulgus denuncio video coniecto cura nam creber.,1
720,157.0,400,Voluptates acies unus facilis earum collum incidunt sequi spargo coadunatio.,3
721,622.0,922,Bonus surculus eligendi.,4
722,25.0,341,Adaugeo ratione callide summa.,4
723,403.0,532,Abduco trucido conventus capitulus quaerat crepusculum vergo.,5
724,362.0,324,Stillicidium adficio umbra est stella laborum.,3
725,,666,Aetas caste ubi compello dicta versus alter expedita strues.,1
726,488.0,71,Non suscipit cruciamentum.,3
727,398.0,364,Chirographum clamo minima.,3
728,,527,Dolor coadunatio demens undique spargo.,2
729,350.0,630,Autus sponte centum sordeo laudantium autus capitulus demoror cibo artificiose.,4
730,389.0,272,Tabernus optio strues molestias.,5
731,295.0,392,Sublime supplanto bis tui utilis curiositas aestas vitiosus totidem.,1
732,,506,Damno acies sonitus.,1
733,,498,Canis texo enim carbo artificiose cursus.,5
734,317.0,890,Vita aer appono adsum defendo eaque calculus contabesco.,2
735,554.0,582,Cui abduco tumultus vacuus amet cultura.,4
736,,799,Coniecto voluptatum deludo uredo cresco ab statim alius.,3
737,460.0,934,Strues contego suffoco utpote vir succedo celo.,4
738,,101,Demoror amita vester beatae ciminatio.,5
739,42.0,994,Cumque neque suffragium aggredior consequatur.,4
740,284.0,373,Subseco debilito suffoco statua.,5
741,428.0,209,Cupiditas bos vestigium sponte vespillo tollo cenaculum color.,2
742,,769,Approbo antea arx succedo veniam conatus tempus coepi.,1
743,401.0,839,Accedo sperno valeo tempore sit.,4
744,,503,Adiuvo uberrime aveho surgo comminor commodo adsum viridis.,3
745,1.0,677,Voveo victus vetus comptus virgo.,1
746,,866,Surculus alienus stips speculum suppono.,3
747,253.0,120,Uter audentia arma cauda accusamus.,2
748,,861,Inventore ver desipio valetudo vulgo alias cur arcus.,3
749,,945,Caput calamitas sophismata crudelis desidero terga.,1
750,136.0,176,Tubineus aestas beatus ambulo clementia corroboro viscus super spiculum.,5
751,72.0,866,Strenuus dolore statua vilitas arguo reiciendis adfero utroque coaegresco.,1
752,,428,Cruciamentum tenax spectaculum canonicus pel vulgivagus decumbo bellicus speculum.,3
753,269.0,902,Amita attollo copiose clarus utor aufero ter.,1
754,541.0,434,Quia accedo soleo bardus tunc.,5
755,19.0,88,Omnis certe beatus defleo nulla vergo debeo sodalitas.,5
756,,114,Apostolus decimus demoror careo tabernus validus uberrime.,3
757,228.0,338,Ademptio ciminatio volup demonstro triumphus territo universe a curis.,2
758,,934,Angustus cedo tero.,5
759,304.0,568,Beatae ademptio consectetur deporto cupiditas.,4
760,593.0,615,Supra corrumpo calamitas aeger aranea crapula ad aequitas vorax.,2
761,546.0,52,Desidero triumphus advoco aperiam custodia dolorum vitae subseco.,5
762,289.0,494,Uxor strues deserunt crudelis caelestis.,5
763,,883,Tergeo dignissimos aperio itaque tergum.,1
764,,993,Vesica talus averto.,5
765,518.0,77,Tribuo arca tenuis comis comitatus confero tactus abscido.,2
766,,248,Temperantia comburo solvo conor.,3
767,,744,Solitudo beatus caecus utrimque.,3
768,,100,Cilicium comptus conor verto velit.,4
769,102.0,977,Coepi tum esse cicuta delibero eos ea quos aegrus delectus.,2
770,,683,Complectus curto curia aliqua utroque tenax.,2
771,274.0,701,Tumultus attonbitus spectaculum uter curtus tubineus tergeo.,5
772,599.0,877,Taceo ancilla ambulo ventito.,3
773,351.0,275,Contra minima vestrum uberrime sit clam cenaculum nulla.,3
774,349.0,410,Venia vesper catena sollers anser.,5
775,,589,Verbum vulticulus repellendus commodo patruus amet conscendo solus desino terreo.,1
776,438.0,855,Cernuus cotidie tempora amoveo ciminatio dignissimos.,3
777,,890,Tempora canto socius calculus videlicet suscipit ventus astrum.,2
778,292.0,403,Cursim cena incidunt eum.,1
779,,451,Campana enim clamo viscus aiunt amplus deduco maiores.,5
780,309.0,45,Spargo abscido officiis.,2
781,433.0,654,Voluptatum auxilium alias theatrum quos trepide cognatus.,1
782,,261,Contra contigo adnuo.,1
783,578.0,916,Colligo adeptio canonicus cibus ater velociter volo.,4
784,226.0,180,Somniculosus vel infit alter atque.,2
785,249.0,150,Apud coepi tyrannus corpus.,2
786,332.0,148,Cohors velum amplus tego vaco stillicidium attollo venia.,5
787,288.0,987,Tamdiu argentum corporis umquam minima vero tristis.,3
788,174.0,586,Absque amissio benevolentia unde bardus.,1
789,283.0,175,Cavus deprecator cimentarius defendo cupio hic apto vorax accusamus.,3
790,215.0,272,Aperio cenaculum baiulus.,4
791,203.0,984,Apto audeo cotidie suscipit decimus decumbo.,3
792,328.0,43,Delectatio sub rem thesis non ipsa.,5
793,313.0,227,Cinis torqueo facere caute credo.,2
794,,248,Tamisium velum vociferor.,2
795,414.0,304,Corrupti sui magni id dolor facilis minus triduana atqui et.,5
796,,457,Conturbo cohors facere.,2
797,380.0,102,Terreo cunabula saepe non torrens vorago aqua veritatis vulgus.,3
798,387.0,301,Via dolorem subnecto coniecto cometes tunc.,3
799,540.0,851,Ciminatio verto campana.,5
800,,227,Tamen accusantium conturbo.,5
801,99.0,324,Verto tego talus voluptas ter confido cernuus.,5
802,296.0,258,Beneficium nemo defleo ustilo cunctatio sufficio tondeo asper.,5
803,,993,Vero tamen suscipit ipsa sollicito damno absconditus earum tepesco.,5
804,152.0,848,Cognomen absorbeo assumenda adipisci utique.,5
805,,937,Tot arx vado eius.,1
806,152.0,244,Abeo cohaero amoveo atque audio.,2
807,156.0,485,Comis veritatis cito adeptio appono.,5
808,,785,Depono tantum repellat vesica impedit.,2
809,2.0,817,Vulariter cursus vestigium deinde tergum iste sustineo.,3
810,333.0,89,Tabella temporibus centum arbitro desparatus.,5
811,526.0,954,Peior optio voluptatum utique.,5
812,217.0,569,Tot virgo consuasor vulnus basium auxilium.,4
813,378.0,543,Cinis cornu aestas.,2
814,354.0,920,Vociferor abscido terra tenetur.,2
815,,641,Versus claro conturbo arguo.,5
816,43.0,275,Repellat alter subnecto audeo soluta decretum acer tardus.,3
817,115.0,196,Decipio barba paulatim tergo.,2
818,606.0,503,Spectaculum vere veritas adimpleo amiculum soleo coadunatio qui aveho sed.,4
819,,175,Esse absque turbo.,4
820,,947,Tutis valens ipsam amicitia tempore bestia titulus sublime.,1
821,,604,Attonbitus tredecim sono vero vulgo quibusdam complectus.,4
822,505.0,881,Brevis comptus suffoco demo.,1
823,609.0,576,Colligo conservo traho alienus ipsum ascisco.,1
824,554.0,790,Dolorem validus vae curriculum viridis.,5
825,506.0,97,Socius dedico caveo vilis blanditiis cubicularis.,5
826,599.0,950,Animi temperantia vicissitudo earum.,3
827,439.0,695,Vigor atrocitas veritatis cunabula trucido vulgivagus corpus aestus.,3
828,,463,Adinventitias pauper perferendis valde curatio tabesco teneo.,2
829,,198,Deprecator denuo atrox.,5
830,,861,Sol illo sol arcus decor.,2
831,540.0,708,Cohibeo arx desparatus texo subvenio tactus.,4
832,,797,Candidus communis amitto.,3
833,298.0,154,Sed tendo saepe via vestigium dignissimos suadeo.,5
834,,788,Venio coerceo attollo attonbitus curriculum vesper dignissimos quas canis.,4
835,,668,Auctor defluo tabgo.,5
836,,717,Alo deporto adipisci summisse cerno arto cetera.,1
837,,166,Ad terebro universe speciosus ater amet desidero totam custodia.,1
838,,367,A sortitus volaticus corporis.,2
839,79.0,830,Quas degusto condico sufficio culpo varius totidem cresco quae.,4
840,333.0,748,Altus tardus utrum nobis sequi thesis altus.,1
841,580.0,161,Asper minus adipisci venustas.,4
842,146.0,375,Adficio demonstro coepi coniuratio quaerat.,5
843,426.0,494,Asperiores perspiciatis sumptus amplus cognomen vindico inflammatio tertius celebrer.,4
844,41.0,872,Creator corrumpo credo.,1
845,,816,Victus candidus veniam.,1
846,72.0,138,Porro toties molestiae voluptate commemoro tenetur.,2
847,114.0,358,Cattus consuasor stillicidium corrupti provident.,4
848,303.0,458,Succedo temptatio villa eos cura concedo.,4
849,353.0,44,Texo caritas iusto.,5
850,82.0,867,Ara thalassinus degenero venustas sequi turbo abduco vespillo confero vir.,2
851,593.0,588,Tamisium alienus atrocitas cometes adsuesco subseco teneo corrupti acer.,5
852,336.0,283,Ultra conor defetiscor vitiosus sulum suus caterva aro tunc.,4
853,616.0,304,Adeptio antea cattus vehemens canto tollo laborum dicta spiritus.,1
854,412.0,720,Decerno ubi synagoga avarus viridis celer aedificium speculum.,2
855,444.0,677,Tabesco depono pax abbas depromo deinde varietas.,2
856,,815,Celo laudantium tamisium usitas dolorum.,2
857,,772,Tubineus summisse amitto amissio voluptate ventito damno.,4
858,,727,Vulgivagus a vinco summopere occaecati depopulo agnitio.,1
859,240.0,916,Absconditus aestus pariatur mollitia aggero credo fugit.,1
860,,433,Consectetur depereo talus caute decor.,3
861,89.0,470,Fugiat aegrotatio amplitudo.,5
862,41.0,158,Careo depereo optio addo communis.,3
863,478.0,740,Avarus vomica adsuesco theatrum.,1
864,427.0,513,Surgo apud adsuesco pecto damno clarus thesis sollicito.,3
865,,699,Volo cognomen tepesco accommodo cohibeo.,4
866,,359,Desolo conturbo verecundia explicabo fugit animus volaticus solio eveniet.,2
867,410.0,399,Vulticulus urbanus caput votum uxor vomer desino omnis temeritas.,5
868,20.0,653,Crustulum ante vester adhaero ea cuppedia.,1
869,,538,Solio rem tamisium cauda chirographum expedita voluptates alioqui degusto.,3
870,242.0,509,Usus dolorem triduana suffragium teres victus tutamen animi brevis crudelis.,3
871,,823,Dignissimos sopor voco thymum speciosus.,4
872,577.0,122,Terra quis celebrer coruscus degusto.,5
873,,773,Tantum vereor talio doloremque.,1
874,,464,Talio solum vitae surgo velut vilicus arx.,3
875,,490,Tamquam aut ex acervus comitatus supra colligo dolorem vulticulus.,3
876,582.0,80,Tepidus coaegresco vobis sopor.,5
877,572.0,615,Blanditiis deduco quia cubo textor contabesco.,1
878,336.0,789,Tamen reiciendis adeptio cubo theologus id xiphias utrimque odit.,4
879,,539,Arcesso agnosco angustus arto vir campana.,1
880,337.0,653,Aequus cogo corona caste animadverto conicio.,4
881,,672,Sit vallum fugiat auctor adsuesco.,4
882,,784,Sum umquam capio.,3
883,334.0,616,Arbor nulla comis.,3
884,,124,Velum contra vorago ter totam deserunt suffragium.,2
885,,904,Baiulus tertius aspernatur voco canto apparatus.,5
886,384.0,835,Sum credo aetas usque cursim caritas.,4
887,29.0,658,Sufficio reprehenderit aeneus adhuc crux tepesco vox tamdiu spectaculum tracto.,2
888,259.0,53,Validus quae despecto earum aspicio.,2
889,,452,A defleo adeo videlicet valde repellat.,2
890,550.0,162,Inventore ubi audeo territo aspicio quo cunabula.,2
891,626.0,591,Teres corporis arbustum triumphus defero crepusculum dignissimos dolorum.,5
892,557.0,245,Magni verbera copiose defero conturbo claudeo.,4
893,540.0,340,Derideo copiose voluptatibus soleo baiulus.,1
894,551.0,958,Armarium ventus cruciamentum.,4
895,333.0,996,Ascit advenio teneo et paens culpa dapifer victus tamdiu.,5
896,,360,Desidero facilis terebro.,5
897,,955,Cura contigo vereor.,2
898,,519,Ter spero uredo sodalitas cauda taedium atque tandem canonicus uredo.,1
899,,77,Catena absconditus caste impedit taedium arbor vesper excepturi ait.,2
900,387.0,624,Cernuus absens fugiat.,4
901,,631,Thorax inventore ubi timor amaritudo verus altus corrupti.,3
902,346.0,150,Sint surgo studio amoveo comminor delicate vitium denique aperiam cetera.,1
903,38.0,822,Cultura iure turba artificiose cedo cuius.,4
904,316.0,89,Delectatio adduco victoria corona illum validus sumptus.,5
905,393.0,73,Copiose verto conscendo defendo usus cibus aperiam arcus suspendo vobis.,1
906,293.0,503,Cedo astrum laboriosam uredo defessus avarus cinis.,2
907,547.0,790,Custodia audentia crepusculum catena alius cribro anser explicabo.,2
908,,98,Defluo surculus possimus curto deprimo.,2
909,32.0,951,Demum umbra peccatus ait strues curto vulgus.,4
910,,287,Tolero vinum confugo calculus debitis tolero.,3
911,606.0,904,Uterque comedo delibero atrox taedium cupio.,5
912,,861,Chirographum vigilo suppellex.,2
913,,497,Administratio amor necessitatibus arcus adeo inventore adipiscor speciosus.,2
914,,170,Crinis tergeo adipisci auditor clam cubo timor tempora.,3
915,359.0,389,Conforto clam beatae urbs audacia quibusdam ademptio amet textor.,2
916,114.0,786,Nostrum assentator spoliatio cervus vilitas adduco decens triumphus bestia.,4
917,,589,Animi assentator virgo vallum acies cogo tondeo nisi.,2
918,,164,Pectus spes amicitia sint demoror quidem.,1
919,238.0,643,Ubi tamisium tollo ambulo attero.,3
920,562.0,141,Subvenio cognomen tracto subito strenuus pecto.,3
921,,231,Placeat tersus infit.,3
922,,342,Accusantium arca vitium desino sollicito vomer fugit labore.,5
923,,980,Abutor blandior ulterius.,2
924,,906,Decimus coniuratio vox valetudo temperantia deludo coniecto.,4
925,,603,Tumultus cogo avarus tutis solutio tenetur vita audio hic deorsum.,3
926,288.0,220,Abeo correptius amet adflicto.,1
927,,202,Comburo cunctatio tardus desparatus synagoga.,2
928,,402,Vociferor qui video.,4
929,359.0,281,Aggero cura umquam accedo amaritudo socius super uredo bibo.,5
930,349.0,108,Deporto asper defungo commemoro statua subnecto thema vinco.,2
931,137.0,192,Assumenda ulciscor tenax curis suggero.,2
932,332.0,740,Cornu suppono taedium aegrus tabella triumphus abundans vobis conscendo.,1
933,435.0,189,Teres tepesco spiculum allatus traho comedo.,3
934,386.0,138,Asperiores minima debilito appositus nihil.,1
935,,287,Urbanus annus autus barba laudantium demitto brevis terminatio quasi coerceo.,2
936,277.0,509,Currus thymum cohors aveho.,1
937,257.0,408,Candidus contra sollicito sonitus adicio acsi acies strenuus.,5
938,425.0,591,Placeat titulus volutabrum praesentium accedo sollicito.,5
939,458.0,233,Quod vomica amitto nobis capio.,4
940,138.0,461,Verto veritas theologus sol nemo adicio.,1
941,,135,Tui cena trans inventore corpus ab tristis canis temporibus officiis.,4
942,167.0,750,Argentum accusantium textilis cedo subvenio consequuntur vinco.,2
943,446.0,643,Super vacuus ea quo sint urbs cruciamentum ullam animi stipes.,4
944,,765,Tendo video socius architecto dolore.,5
945,,889,Aperio velit casus ea armarium utrimque venia arbustum.,3
946,,78,Succurro viridis consequatur totam decimus sophismata vesica condico.,4
947,475.0,947,Clamo repellat dapifer defessus sustineo speculum circumvenio.,2
948,,72,Aspicio vesica summisse apud illum vehemens.,2
949,,940,Defluo cui demo.,3
950,570.0,576,Comitatus earum uter contego modi convoco.,5
951,,690,Veniam magni earum.,5
952,493.0,713,Viriliter comedo cognomen aiunt omnis cubicularis bos concido ambulo.,1
953,567.0,918,Teneo sono acerbitas tibi ustulo arca.,5
954,17.0,545,Caritas cilicium tantillus cena voro acsi adipisci conservo cenaculum crustulum.,4
955,219.0,439,Volva dens substantia attonbitus vero cumque accedo consuasor appositus.,1
956,79.0,384,Adicio uxor cariosus ab ratione minus.,4
957,,40,Id cohaero demulceo alias umbra aduro ad.,4
958,550.0,402,Undique vobis commodo.,5
959,,350,Anser cedo appositus arto antepono.,3
960,390.0,987,Talio contabesco desino tempora.,3
961,,30,Compono collum depromo iure.,5
962,,897,Volutabrum coniecto pauci tredecim autem creta spoliatio sodalitas delectus caste.,4
963,,440,Arcesso dolorum alienus carcer casus taceo deripio coadunatio colo admoneo.,2
964,,263,Terror ascit accommodo contabesco.,4
965,86.0,112,Despecto trans cohibeo adipisci deinde censura sumptus culpo.,2
966,264.0,564,Amita ipsa conqueror volup laudantium bos caute pectus utor.,3
967,365.0,336,Abeo vesper sapiente depulso tendo baiulus accedo.,1
968,332.0,858,Thema adulescens hic summa tero.,3
969,253.0,431,Degusto aperte peccatus tollo pel accusantium quia vereor.,5
970,493.0,738,Suffragium quisquam thermae trans.,3
971,,133,Aestivus autus tendo termes sumptus vallum aestas denuncio.,3
972,372.0,593,Vulariter thalassinus bibo aduro cohors quis canonicus maxime.,1
973,442.0,492,Considero apparatus certus triumphus.,4
974,97.0,184,Adulescens vomer amita cariosus canto eveniet.,2
975,39.0,677,Taceo caput absconditus.,5
976,,709,Fugit sodalitas deprecator aveho cupiditas speculum.,1
977,551.0,345,Acies quia tardus verbera.,2
978,288.0,710,Convoco claro eius ter arcesso terreo arbitro.,2
979,288.0,650,Templum ullam similique tempus conduco verto vesper infit cariosus pel.,2
980,131.0,172,Vesco coaegresco ter.,3
981,170.0,636,Apparatus ustulo termes comis mollitia tantum.,4
982,61.0,585,Cerno defungo aer eum decet caste.,1
983,5.0,655,Error aggredior aperio.,1
984,,402,Video sub synagoga commemoro aspicio arguo absum tego.,1
985,617.0,49,Vallum celer virtus.,4
986,321.0,774,Advenio arbor quidem tantum acquiro capitulus ara labore ara acer.,1
987,,37,Suscipit accusamus utique ceno.,3
988,420.0,404,Curriculum corroboro dolorem facilis conculco urbs hic.,4
989,484.0,418,Tunc suspendo cogo vacuus ducimus ea debeo.,3
990,234.0,649,Aqua basium suffoco crux vinum veritas texo usque.,5
991,,854,Audio animadverto adduco harum utrum theatrum.,5
992,,211,Fuga ubi tonsor vinum super coma cubicularis.,3
993,,940,Censura asporto error eos speciosus aufero reprehenderit aggredior magnam baiulus.,5
994,,641,Textor ambitus perspiciatis vulgus bibo tersus ipsum accusantium defendo caelum.,1
995,35.0,675,Conqueror aequitas degusto contra incidunt veniam amplexus coaegresco alveus vulariter.,2
996,229.0,36,Beatus copia eum conicio vicinus aegre.,3
997,335.0,69,Abstergo comedo arma vel caries tepesco sulum audio tergo tam.,1
998,136.0,367,Agnitio tripudio sophismata antiquus vulnero ventito vae sumptus cetera.,1
999,,819,Caterva cometes pecco utrum vitiosus.,2
1000,401.0,556,Valens dicta ubi spectaculum.,4
